,ethnicity,max_depth,n_estimators,accuracy
41,unknown,16.0,300.0,0.8954685890834192
21,white,20.0,200.0,0.857625
21,other,12.0,10.0,0.8759776536312849
44,asian,18.0,100.0,0.9021207177814029
55,hispanic_latino,20.0,300.0,0.8765060240963856
44,black_african_american,18.0,100.0,0.8528315946348733
8,unable_to_obtain,8.0,50.0,0.9358288770053476
8,american_indian_alaska_native,8.0,50.0,0.869281045751634
