,ethnicity,max_depth,n_estimators,accuracy
0,unknown,6.0,10.0,0.8501544799176107
45,white,18.0,150.0,0.8182221564857269
7,other,8.0,10.0,0.8502793296089386
45,asian,18.0,150.0,0.8735725938009788
54,hispanic_latino,20.0,250.0,0.856091030789826
11,black_african_american,8.0,200.0,0.7567064083457526
1,unable_to_obtain,6.0,50.0,0.8475935828877005
21,american_indian_alaska_native,12.0,10.0,0.9281045751633987
